{
    "CalibReprError": 0.22683652780513805,
    "CameraMatrix": [
        [
            617.343,
            0.0,
            312.42
        ],
        [
            0.0,
            617.343,
            241.42
        ],
        [
            0.0,
            0.0,
            1.0
        ]
    ],
    "CameraID": 0,
    "Distortion": [
        0.18681114967853352,
        -1.373415281351234,
        0.0,
        0.0,
        2.6679646461641733
    ],
    "Dims": [
        640,
        480
    ],
    "Translation": [
        0.45741679812645997,
        -5.431948788406406,
        19.02926322842629
    ],
    "Rotation": [
        0.0,
        0.0,
        0.0
    ]
} 
